NAME,ADDRESS,BANK_TYPE,CLEAR_GLASS,GREEN_GLASS,BROWN_GLASS,MIXED,CANS_TINS,TEXTILES,OIL,PLASTIC,LITTER,CARTON_TETRAPAK,BOOKS,PAPER,SHOES,DISTRICT,WEBSITE,EASTING,NORTHING,LONG,LAT,BODY_NAME,BODY,CREATE_DAT
St Peters Court Flat Complex,St Peters Street,MRC,No,Yes,No,No,Yes,No,No,No,No,No,No,Yes,No,Nottingham,https://www.nottinghamcity.gov.uk/information-for-residents/bin-and-rubbish-collections/your-local-recycling-sites/,454983.2299662251,340477.0100411866,-1.182942521311916,52.958874569318539,Nottingham City Council,http://data.ordnancesurvey.co.uk/doc/7000000000038857,20221002
Midland Railway Station,"Off Queens Street, City Centre",MRC,No,No,No,Yes,Yes,No,No,No,No,No,No,Yes,No,Nottingham,https://www.nottinghamcity.gov.uk/information-for-residents/bin-and-rubbish-collections/your-local-recycling-sites/,457747.2899975106,339140.2399776932,-1.142039166573285,52.946569428336211,Nottingham City Council,http://data.ordnancesurvey.co.uk/doc/7000000000038857,20221002
Meadows Primary School,"Kirkby Gardens, Meadows",MRC,No,No,No,No,No,No,No,No,No,No,No,Yes,No,Nottingham,https://www.nottinghamcity.gov.uk/information-for-residents/bin-and-rubbish-collections/your-local-recycling-sites/,457559.9999886155,338560.0499501359,-1.144928819278404,52.941374579791066,Nottingham City Council,http://data.ordnancesurvey.co.uk/doc/7000000000038857,20221002
Tesco Car Park Top Valley,"Top Valley Way, Top Valley",Igloo&MRC ,Yes,Yes,Yes,No,Yes,Yes,No,No,No,Yes,No,No,No,Nottingham,https://www.nottinghamcity.gov.uk/information-for-residents/bin-and-rubbish-collections/your-local-recycling-sites/,455158.4099745462,345302.9999704082,-1.179514011225823,53.002233083314557,Nottingham City Council,http://data.ordnancesurvey.co.uk/doc/7000000000038857,20221002
Bosworth Primary School,"Ainsworth Drive, Meadows",MRC,No,No,No,No,Yes,Yes,No,No,No,No,No,Yes,No,Nottingham,https://www.nottinghamcity.gov.uk/information-for-residents/bin-and-rubbish-collections/your-local-recycling-sites/,456739.7800496565,338359.0400405880,-1.157167907987446,52.939655099132814,Nottingham City Council,http://data.ordnancesurvey.co.uk/doc/7000000000038857,20221002
Roundabout Centre,"Southchurch Drive, Wilford",MRC,No,No,No,Yes,Yes,No,No,No,No,No,No,No,No,Nottingham,https://www.nottinghamcity.gov.uk/information-for-residents/bin-and-rubbish-collections/your-local-recycling-sites/,455882.9400089588,335146.2899879906,-1.170467016109704,52.910867165312119,Nottingham City Council,http://data.ordnancesurvey.co.uk/doc/7000000000038857,20221002
Iona School,"Sneinton Dale, Sneinton",MRC,No,No,No,No,Yes,Yes,No,No,No,No,No,Yes,No,Nottingham,https://www.nottinghamcity.gov.uk/information-for-residents/bin-and-rubbish-collections/your-local-recycling-sites/,459405.0599762509,340251.4300304707,-1.117167637493066,52.956376469660199,Nottingham City Council,http://data.ordnancesurvey.co.uk/doc/7000000000038857,20221002
Co-Op Beckhampton Road,"Beckhampton Road, Bestwood Park",Node,No,No,No,Yes,No,No,No,No,No,No,No,Yes,No,Nottingham,https://www.nottinghamcity.gov.uk/information-for-residents/bin-and-rubbish-collections/your-local-recycling-sites/,456752.6399502680,345376.5399739016,-1.155748093404000,53.002727946450392,Nottingham City Council,http://data.ordnancesurvey.co.uk/doc/7000000000038857,20221002
Highwood Player Junior School,"Highwood Avenue, Bilborough",MRC,No,No,No,No,No,No,No,No,No,No,No,Yes,No,Nottingham,https://www.nottinghamcity.gov.uk/information-for-residents/bin-and-rubbish-collections/your-local-recycling-sites/,452644.8799551595,341730.3700007163,-1.217546612801963,52.970373889578120,Nottingham City Council,http://data.ordnancesurvey.co.uk/doc/7000000000038857,20221002
Woodlands Estate,"Off Norton Street, Radford",MRC,No,No,No,Yes,Yes,No,No,No,No,No,No,Yes,No,Nottingham,https://www.nottinghamcity.gov.uk/information-for-residents/bin-and-rubbish-collections/your-local-recycling-sites/,455674.8399990750,340566.3900454305,-1.172633331605547,52.959606688689483,Nottingham City Council,http://data.ordnancesurvey.co.uk/doc/7000000000038857,20221002
Portland Leisure Centre,"Arkwright Walk, Meadows",Supersite,No,No,No,Yes,Yes,No,No,No,No,No,No,Yes,No,Nottingham,https://www.nottinghamcity.gov.uk/information-for-residents/bin-and-rubbish-collections/your-local-recycling-sites/,457851.2900024503,338460.3400454000,-1.140612501331665,52.940447107125358,Nottingham City Council,http://data.ordnancesurvey.co.uk/doc/7000000000038857,20221002
Colston Flats,"Colston Road, Ng6 9jn",Igloo,Yes,Yes,Yes,No,Yes,No,No,No,No,No,No,Yes,No,Nottingham,https://www.nottinghamcity.gov.uk/information-for-residents/bin-and-rubbish-collections/your-local-recycling-sites/,454513.2300439011,345497.8899796642,-1.189094309657277,53.004050691498847,Nottingham City Council,http://data.ordnancesurvey.co.uk/doc/7000000000038857,20221002
Robin Hood Chase Car Park,"Robin Hood Chase, St Anns",Igloo,Yes,Yes,Yes,No,Yes,No,No,No,No,No,No,Yes,No,Nottingham,https://www.nottinghamcity.gov.uk/information-for-residents/bin-and-rubbish-collections/your-local-recycling-sites/,458085.9500135966,340927.3699625768,-1.136680306554084,52.962596082240424,Nottingham City Council,http://data.ordnancesurvey.co.uk/doc/7000000000038857,20221002
Trent Bridge Primary,"Green Street, Meadows",MRC,No,No,No,No,Yes,No,No,No,No,No,No,No,No,Nottingham,https://www.nottinghamcity.gov.uk/information-for-residents/bin-and-rubbish-collections/your-local-recycling-sites/,457853.7600025684,338050.3600259256,-1.140648647789216,52.936761816254254,Nottingham City Council,http://data.ordnancesurvey.co.uk/doc/7000000000038857,20221002
Radford Primary School,"Denman St West, Radford",MRC,No,No,No,No,No,No,No,No,No,No,No,Yes,No,Nottingham,https://www.nottinghamcity.gov.uk/information-for-residents/bin-and-rubbish-collections/your-local-recycling-sites/,455300.1899812799,340361.9900357220,-1.178244377538015,52.957808249104865,Nottingham City Council,http://data.ordnancesurvey.co.uk/doc/7000000000038857,20221002
Heathfields Primary School,"Scotland Road, Basford",MRC,No,No,No,No,No,No,No,No,No,No,No,Yes,No,Nottingham,https://www.nottinghamcity.gov.uk/information-for-residents/bin-and-rubbish-collections/your-local-recycling-sites/,455552.4699932626,343044.5599631369,-1.174030039824757,52.981893243015826,Nottingham City Council,http://data.ordnancesurvey.co.uk/doc/7000000000038857,20221002
Mapperley Hospital Car Park,"Porchester Road, Mapperley",Igloo,Yes,Yes,Yes,No,Yes,No,No,No,No,No,No,No,No,Nottingham,https://www.nottinghamcity.gov.uk/information-for-residents/bin-and-rubbish-collections/your-local-recycling-sites/,458812.8200481208,342870.2699548602,-1.125507910414191,52.979979927733602,Nottingham City Council,http://data.ordnancesurvey.co.uk/doc/7000000000038857,20221002
Middleton Primary School,"Harrow Road, Wollaton",MRC,No,No,No,No,No,Yes,No,No,No,No,No,No,No,Nottingham,https://www.nottinghamcity.gov.uk/information-for-residents/bin-and-rubbish-collections/your-local-recycling-sites/,454095.6100240657,339975.1500173490,-1.196238464512105,52.954453887428301,Nottingham City Council,http://data.ordnancesurvey.co.uk/doc/7000000000038857,20221002
Robert Shaw Primary School,"Southfield Road, Radford",MRC,No,No,No,No,Yes,Yes,No,No,No,No,No,Yes,No,Nottingham,https://www.nottinghamcity.gov.uk/information-for-residents/bin-and-rubbish-collections/your-local-recycling-sites/,454518.9200441716,340645.8900492080,-1.189825582808879,52.960439767795222,Nottingham City Council,http://data.ordnancesurvey.co.uk/doc/7000000000038857,20221002
Oakleigh Lodge Social Club,"Highbury Road, Bulwell",MRC,Yes,Yes,Yes,No,No,No,No,No,No,No,No,Yes,No,Nottingham,https://www.nottinghamcity.gov.uk/information-for-residents/bin-and-rubbish-collections/your-local-recycling-sites/,454727.2099540653,344029.4300099164,-1.186154114823742,52.990830143361890,Nottingham City Council,http://data.ordnancesurvey.co.uk/doc/7000000000038857,20221002
Brooksby Primary School,"Greencroft, Clifton",MRC,No,No,No,No,Yes,Yes,No,No,No,No,No,Yes,No,Nottingham,https://www.nottinghamcity.gov.uk/information-for-residents/bin-and-rubbish-collections/your-local-recycling-sites/,455607.5599958794,335241.1399924960,-1.174545186187326,52.911748186023360,Nottingham City Council,http://data.ordnancesurvey.co.uk/doc/7000000000038857,20221002
Queens Medical Centre,"Derby Road, Lenton",Igloo,Yes,Yes,Yes,No,No,No,No,No,No,No,No,No,No,Nottingham,https://www.nottinghamcity.gov.uk/information-for-residents/bin-and-rubbish-collections/your-local-recycling-sites/,455084.0699710147,338497.7600471769,-1.181777232111002,52.941074523121614,Nottingham City Council,http://data.ordnancesurvey.co.uk/doc/7000000000038857,20221002
Trinity School,"Beechdale Road, Aspley",MRC,No,No,No,No,No,No,No,No,No,No,No,Yes,No,Nottingham,https://www.nottinghamcity.gov.uk/information-for-residents/bin-and-rubbish-collections/your-local-recycling-sites/,453266.6199846910,341632.5599960722,-1.208305447176328,52.969433554888425,Nottingham City Council,http://data.ordnancesurvey.co.uk/doc/7000000000038857,20221002
Brocklewood Junior School (Independent),"Fircroft Avenue, Bilborough",Industrial,No,No,No,No,No,No,No,No,No,No,No,Yes,No,Nottingham,https://www.nottinghamcity.gov.uk/information-for-residents/bin-and-rubbish-collections/your-local-recycling-sites/,452536.0200499892,341917.3700095993,-1.219137253735852,52.972065330270027,Nottingham City Council,http://data.ordnancesurvey.co.uk/doc/7000000000038857,20221002
Portland Primary School,"Westwick Road, Bilborough",Bank,No,No,No,No,No,No,No,No,No,No,No,Yes,No,Nottingham,https://www.nottinghamcity.gov.uk/information-for-residents/bin-and-rubbish-collections/your-local-recycling-sites/,451123.3299828898,340532.2600438092,-1.240389060504452,52.959751329015042,Nottingham City Council,http://data.ordnancesurvey.co.uk/doc/7000000000038857,20221002
Haywood Comprehensive School,"Edwards Lane, Sherwood",MRC,No,No,No,No,Yes,No,No,No,No,No,No,Yes,No,Nottingham,https://www.nottinghamcity.gov.uk/information-for-residents/bin-and-rubbish-collections/your-local-recycling-sites/,457106.4199670712,344413.8400281742,-1.150646727380080,52.994037598655765,Nottingham City Council,http://data.ordnancesurvey.co.uk/doc/7000000000038857,20221002
Manning Comprehensive School,"Robins Wood Road, Aspley",MRC,No,No,No,No,No,No,No,No,No,No,No,Yes,No,Nottingham,https://www.nottinghamcity.gov.uk/information-for-residents/bin-and-rubbish-collections/your-local-recycling-sites/,453753.2200078033,341447.7799872942,-1.201091046604557,52.967724284901749,Nottingham City Council,http://data.ordnancesurvey.co.uk/doc/7000000000038857,20221002
Glaisdale Comprehensive School,"Glenbrook Crescent, Bilborough",MRC,No,No,No,No,No,No,No,No,No,No,No,Yes,No,Nottingham,https://www.nottinghamcity.gov.uk/information-for-residents/bin-and-rubbish-collections/your-local-recycling-sites/,452955.4799699122,341338.7999821194,-1.212985804996136,52.966823925079623,Nottingham City Council,http://data.ordnancesurvey.co.uk/doc/7000000000038857,20221002
Mansfield Road,"Opp Tavistock Drive, Mansfield Road, Sherwood",Node,No,No,No,Yes,Yes,No,No,No,No,No,No,Yes,No,Nottingham,https://www.nottinghamcity.gov.uk/information-for-residents/bin-and-rubbish-collections/your-local-recycling-sites/,457053.3999645533,342133.4200198613,-1.151838629566599,52.973546730878446,Nottingham City Council,http://data.ordnancesurvey.co.uk/doc/7000000000038857,20221002
Marcus Garvey Centre,"Lenton Boulevard, Lenton",Igloo,Yes,Yes,Yes,No,Yes,No,No,No,No,No,No,Yes,No,Nottingham,https://www.nottinghamcity.gov.uk/information-for-residents/bin-and-rubbish-collections/your-local-recycling-sites/,455496.9999906281,339807.7600093987,-1.175409837337283,52.952806549451068,Nottingham City Council,http://data.ordnancesurvey.co.uk/doc/7000000000038857,20221002
Oap Home Squires Avenue,"Squires Avenue, Bulwell East",MRC,No,No,No,No,No,No,No,No,No,No,No,Yes,No,Nottingham,https://www.nottinghamcity.gov.uk/information-for-residents/bin-and-rubbish-collections/your-local-recycling-sites/,453895.6700145686,345978.4700024910,-1.198216309010299,53.008432580354167,Nottingham City Council,http://data.ordnancesurvey.co.uk/doc/7000000000038857,20221002
Hall Street Car Park,"Hall Street, Sherwood",Igloo,Yes,Yes,Yes,No,Yes,No,No,No,No,No,No,No,No,Nottingham,https://www.nottinghamcity.gov.uk/information-for-residents/bin-and-rubbish-collections/your-local-recycling-sites/,457557.7499885084,343216.4599713031,-1.144136567248845,52.983227365463343,Nottingham City Council,http://data.ordnancesurvey.co.uk/doc/7000000000038857,20221002
At End Of The Street,Tennyson Street,Node,Yes,Yes,No,Yes,Yes,No,No,Yes,No,No,No,No,No,Nottingham,https://www.nottinghamcity.gov.uk/information-for-residents/bin-and-rubbish-collections/your-local-recycling-sites/,456279.0400277730,340632.5500485729,-1.163628897053187,52.960138389537505,Nottingham City Council,http://data.ordnancesurvey.co.uk/doc/7000000000038857,20221002
Welbeck Primary School,"Kinglake Place, Meadows",MRC,No,No,No,No,Yes,Yes,No,No,No,No,No,Yes,No,Nottingham,https://www.nottinghamcity.gov.uk/information-for-residents/bin-and-rubbish-collections/your-local-recycling-sites/,457169.6399700744,338921.6299673095,-1.150673379374238,52.944666207769110,Nottingham City Council,http://data.ordnancesurvey.co.uk/doc/7000000000038857,20221002
St. Augustines R.c. Primary School,"Park Avenue, Mapperley Road, Mapperley",MRC,No,No,No,No,Yes,Yes,No,No,No,No,No,Yes,No,Nottingham,https://www.nottinghamcity.gov.uk/information-for-residents/bin-and-rubbish-collections/your-local-recycling-sites/,457508.9199861893,341493.9599894881,-1.145169582471221,52.967750687885506,Nottingham City Council,http://data.ordnancesurvey.co.uk/doc/7000000000038857,20221002
Tennis Centre,"University Boulevard, Dunkirk",Igloo,Yes,Yes,Yes,No,Yes,No,No,No,No,No,No,Yes,No,Nottingham,https://www.nottinghamcity.gov.uk/information-for-residents/bin-and-rubbish-collections/your-local-recycling-sites/,454589.0800475040,337871.7200174406,-1.189247384155610,52.935497676206452,Nottingham City Council,http://data.ordnancesurvey.co.uk/doc/7000000000038857,20221002
Savoy Cinema,Derby Road,Node,No,No,No,Yes,Yes,No,No,No,No,No,No,Yes,No,Nottingham,https://www.nottinghamcity.gov.uk/information-for-residents/bin-and-rubbish-collections/your-local-recycling-sites/,455648.9899978470,339669.8300028462,-1.173171657354913,52.951551086224129,Nottingham City Council,http://data.ordnancesurvey.co.uk/doc/7000000000038857,20221002
Westbury Special School,"Lortas Road, Forest Fields",MRC,No,No,No,No,Yes,No,No,No,No,No,No,Yes,No,Nottingham,https://www.nottinghamcity.gov.uk/information-for-residents/bin-and-rubbish-collections/your-local-recycling-sites/,455957.5800125040,342950.4699586686,-1.168013222121832,52.981005512623483,Nottingham City Council,http://data.ordnancesurvey.co.uk/doc/7000000000038857,20221002
Dunkirk Sports Ground/football Club,"Lenton Lane, Dunkirk",Igloo,Yes,Yes,Yes,No,No,No,No,No,No,No,No,No,No,Nottingham,https://www.nottinghamcity.gov.uk/information-for-residents/bin-and-rubbish-collections/your-local-recycling-sites/,455923.9300109064,336631.5799585376,-1.169602786559669,52.924213403399200,Nottingham City Council,http://data.ordnancesurvey.co.uk/doc/7000000000038857,20221002
Elliot Durham Comprehensive School,"Ransom Drive, Mapperley",Industrial,No,No,No,No,Yes,No,No,No,No,No,No,No,No,Nottingham,https://www.nottinghamcity.gov.uk/information-for-residents/bin-and-rubbish-collections/your-local-recycling-sites/,458486.1600326058,342587.4000414237,-1.130423549158907,52.977473143554136,Nottingham City Council,http://data.ordnancesurvey.co.uk/doc/7000000000038857,20221002
Henry Mellish Comprehensive School,"Highbury Road, Bulwell",Industrial,No,No,No,No,Yes,No,No,No,No,No,No,No,No,Nottingham,https://www.nottinghamcity.gov.uk/information-for-residents/bin-and-rubbish-collections/your-local-recycling-sites/,454597.0000478802,344318.5500236489,-1.188045003767124,52.993442063350216,Nottingham City Council,http://data.ordnancesurvey.co.uk/doc/7000000000038857,20221002
Top Valley Comprehensive School,"Top Valley Drive, Off Hucknall Road, Top Valley",MRC,No,No,No,No,Yes,No,No,No,No,No,No,Yes,No,Nottingham,https://www.nottinghamcity.gov.uk/information-for-residents/bin-and-rubbish-collections/your-local-recycling-sites/,455540.9299927149,346032.0900050383,-1.173689574161678,53.008746816316560,Nottingham City Council,http://data.ordnancesurvey.co.uk/doc/7000000000038857,20221002
Winchester/woodthorpe Court,"Off Winchester Street, Sherwood",Igloo,Yes,Yes,Yes,No,No,No,No,No,No,No,No,Yes,No,Nottingham,https://www.nottinghamcity.gov.uk/information-for-residents/bin-and-rubbish-collections/your-local-recycling-sites/,458005.9800097980,343197.6499704085,-1.137464685186645,52.983010140862966,Nottingham City Council,http://data.ordnancesurvey.co.uk/doc/7000000000038857,20221002
Bulwell Railway Station,"Main Street, Bulwell",MRC,No,No,No,Yes,Yes,No,No,No,Yes,No,No,Yes,No,Nottingham,https://www.nottinghamcity.gov.uk/information-for-residents/bin-and-rubbish-collections/your-local-recycling-sites/,454062.5100224931,345010.6299565211,-1.195891744967656,52.999716691068400,Nottingham City Council,http://data.ordnancesurvey.co.uk/doc/7000000000038857,20221002
Beechdale Baths,"Beechdale Road, Beechdale",Igloo,Yes,Yes,Yes,No,Yes,No,No,No,No,No,No,Yes,No,Nottingham,https://www.nottinghamcity.gov.uk/information-for-residents/bin-and-rubbish-collections/your-local-recycling-sites/,454320.3800347419,340697.8299516737,-1.192772342217429,52.960926714505781,Nottingham City Council,http://data.ordnancesurvey.co.uk/doc/7000000000038857,20221002
Bells Lane Community Centre,"Amesbury Circus, Aspley",MRC,No,No,No,Yes,Yes,Yes,No,No,No,No,No,Yes,No,Nottingham,https://www.nottinghamcity.gov.uk/information-for-residents/bin-and-rubbish-collections/your-local-recycling-sites/,453325.0199874649,343241.1899724770,-1.207171468697251,52.983886349177986,Nottingham City Council,http://data.ordnancesurvey.co.uk/doc/7000000000038857,20221002
Brook Street Car Park,"Brook Street, City Centre",Igloo,Yes,Yes,Yes,No,Yes,No,No,No,No,No,No,Yes,No,Nottingham,https://www.nottinghamcity.gov.uk/information-for-residents/bin-and-rubbish-collections/your-local-recycling-sites/,457844.4100021236,340042.4500205461,-1.140433460833405,52.954668307556815,Nottingham City Council,http://data.ordnancesurvey.co.uk/doc/7000000000038857,20221002
Eastcroft Depot,"London Road, City Centre",MRC,No,No,No,Yes,Yes,No,No,No,No,No,No,Yes,No,Nottingham,https://www.nottinghamcity.gov.uk/information-for-residents/bin-and-rubbish-collections/your-local-recycling-sites/,457976.7900084117,339133.2099773586,-1.138625325730247,52.946481548457989,Nottingham City Council,http://data.ordnancesurvey.co.uk/doc/7000000000038857,20221002
Milford Primary School,"Dungannon Road, Clifton",MRC,No,No,No,No,No,No,No,No,No,No,No,Yes,No,Nottingham,https://www.nottinghamcity.gov.uk/information-for-residents/bin-and-rubbish-collections/your-local-recycling-sites/,455472.4999894639,333773.8500228021,-1.176803164988135,52.898573592806798,Nottingham City Council,http://data.ordnancesurvey.co.uk/doc/7000000000038857,20221002
Dunkirk And Old Lenton Community Centre,"Montpelier Road, Dunkirk",MRC,No,No,No,Yes,Yes,No,No,No,No,No,No,Yes,No,Nottingham,https://www.nottinghamcity.gov.uk/information-for-residents/bin-and-rubbish-collections/your-local-recycling-sites/,455086.0599711090,338342.2400397900,-1.181774152028824,52.939676419489771,Nottingham City Council,http://data.ordnancesurvey.co.uk/doc/7000000000038857,20221002
Woodlands Special School,"Beechdale Road, Aspley",MRC,No,No,No,No,Yes,No,No,No,No,No,No,Yes,No,Nottingham,https://www.nottinghamcity.gov.uk/information-for-residents/bin-and-rubbish-collections/your-local-recycling-sites/,453432.1599925533,341423.1399861239,-1.205875150975690,52.967534836448671,Nottingham City Council,http://data.ordnancesurvey.co.uk/doc/7000000000038857,20221002
The Bluecoat School,"Aspley Lane, Aspley",Industrial,No,No,No,No,No,No,No,No,No,No,No,No,No,Nottingham,https://www.nottinghamcity.gov.uk/information-for-residents/bin-and-rubbish-collections/your-local-recycling-sites/,454261.2900319351,341622.2799955830,-1.193497576442338,52.969241608387755,Nottingham City Council,http://data.ordnancesurvey.co.uk/doc/7000000000038857,20221002
Stockhill Lane Fire Station,"Stockhill Lane, Bulwell",MRC,No,No,No,Yes,Yes,No,No,No,No,No,No,Yes,No,Nottingham,https://www.nottinghamcity.gov.uk/information-for-residents/bin-and-rubbish-collections/your-local-recycling-sites/,454445.7400406962,343209.2599709611,-1.190484832851067,52.983486907212743,Nottingham City Council,http://data.ordnancesurvey.co.uk/doc/7000000000038857,20221002
Forest Fields Community Centre,"Sturton Street, Forest Fields",MRC,No,No,No,Yes,Yes,No,No,No,No,No,No,Yes,No,Nottingham,https://www.nottinghamcity.gov.uk/information-for-residents/bin-and-rubbish-collections/your-local-recycling-sites/,456104.3900194773,341858.5600068066,-1.166016232179384,52.971176060496781,Nottingham City Council,http://data.ordnancesurvey.co.uk/doc/7000000000038857,20221002
Bracebridge Drive Shops,"Bracebridge Drive, Bilborough",MRC,No,No,No,Yes,Yes,Yes,No,No,No,No,No,Yes,No,Nottingham,https://www.nottinghamcity.gov.uk/information-for-residents/bin-and-rubbish-collections/your-local-recycling-sites/,451909.9200202506,341060.0199688766,-1.228596337472889,52.964419900137415,Nottingham City Council,http://data.ordnancesurvey.co.uk/doc/7000000000038857,20221002
Metropolitan Estate - Lower Car Park,"Brewsters Road, St Anns",Igloo,Yes,Yes,Yes,No,Yes,No,No,No,No,No,No,Yes,No,Nottingham,https://www.nottinghamcity.gov.uk/information-for-residents/bin-and-rubbish-collections/your-local-recycling-sites/,458481.7900323980,341625.3399957288,-1.130662046479607,52.968826564779462,Nottingham City Council,http://data.ordnancesurvey.co.uk/doc/7000000000038857,20221002
Church Square Shops,"Willoughby Street, Lenton",MRC,No,No,No,Yes,Yes,No,No,No,Yes,No,No,Yes,No,Nottingham,https://www.nottinghamcity.gov.uk/information-for-residents/bin-and-rubbish-collections/your-local-recycling-sites/,455736.5700020073,339408.0599904135,-1.171913378382292,52.949189163640490,Nottingham City Council,http://data.ordnancesurvey.co.uk/doc/7000000000038857,20221002
Glade Hill Primary School,"Chippenham Road, Bestwood Park",MRC,No,No,No,No,No,No,No,No,No,No,No,Yes,No,Nottingham,https://www.nottinghamcity.gov.uk/information-for-residents/bin-and-rubbish-collections/your-local-recycling-sites/,457185.2699708166,345510.9999802876,-1.149278367294905,53.003890583591343,Nottingham City Council,http://data.ordnancesurvey.co.uk/doc/7000000000038857,20221002
Co-Op Wilford Lane,"Wilford Lane, Wilford",MRC,Yes,Yes,Yes,Yes,Yes,Yes,No,No,Yes,No,No,Yes,No,Nottingham,https://www.nottinghamcity.gov.uk/information-for-residents/bin-and-rubbish-collections/your-local-recycling-sites/,456612.4300436080,336764.7099648602,-1.159339787573695,52.925338054991329,Nottingham City Council,http://data.ordnancesurvey.co.uk/doc/7000000000038857,20221002
Silverdale Community Centre,"The Downs, Wilford",MRC,No,No,No,Yes,Yes,No,No,No,No,No,No,Yes,No,Nottingham,https://www.nottinghamcity.gov.uk/information-for-residents/bin-and-rubbish-collections/your-local-recycling-sites/,456119.1400201777,335429.5400014445,-1.166906371883448,52.913388564296959,Nottingham City Council,http://data.ordnancesurvey.co.uk/doc/7000000000038857,20221002
Sainsbury's Supermarket,"Castle Bridge Road, Castle Marina",Igloo&MRC ,Yes,Yes,Yes,No,Yes,Yes,No,No,No,Yes,Yes,Yes,Yes,Nottingham,https://www.nottinghamcity.gov.uk/information-for-residents/bin-and-rubbish-collections/your-local-recycling-sites/,456306.4100290732,339001.2199710887,-1.163504599387447,52.945472865163502,Nottingham City Council,http://data.ordnancesurvey.co.uk/doc/7000000000038857,20221002
New College Nottingham,"Pelham Avenue, Nottingham, Ng5 1al",Igloo,Yes,Yes,Yes,No,Yes,No,No,No,No,No,No,Yes,No,Nottingham,https://www.nottinghamcity.gov.uk/information-for-residents/bin-and-rubbish-collections/your-local-recycling-sites/,456906.3899575705,341626.0299957618,-1.154116632803882,52.969001849923345,Nottingham City Council,http://data.ordnancesurvey.co.uk/doc/7000000000038857,20221002
Woodthorpe Grange,"Woodthorpe Drive, Woodthorpe",Igloo,Yes,Yes,Yes,No,Yes,Yes,No,No,No,Yes,No,Yes,No,Nottingham,https://www.nottinghamcity.gov.uk/information-for-residents/bin-and-rubbish-collections/your-local-recycling-sites/,458320.8700247547,343439.4199818932,-1.132731534430511,52.985149085602387,Nottingham City Council,http://data.ordnancesurvey.co.uk/doc/7000000000038857,20221002
Seagrave Primary School,"Helston Drive, Strelley",MRC,No,No,No,No,Yes,Yes,No,No,No,No,No,Yes,No,Nottingham,https://www.nottinghamcity.gov.uk/information-for-residents/bin-and-rubbish-collections/your-local-recycling-sites/,451783.7400142578,342629.0800434034,-1.230225000184798,52.978535308329953,Nottingham City Council,http://data.ordnancesurvey.co.uk/doc/7000000000038857,20221002
Stanstead Primary School,"Stanstead Avenue, Top Valley",Igloo&MRC ,No,No,No,No,Yes,Yes,No,No,No,No,No,No,No,Nottingham,https://www.nottinghamcity.gov.uk/information-for-residents/bin-and-rubbish-collections/your-local-recycling-sites/,454953.1899647983,345914.7699994650,-1.182467880381787,53.007752811927048,Nottingham City Council,http://data.ordnancesurvey.co.uk/doc/7000000000038857,20221002
Sneinton C.e. Primary School,"Windmill Lane, Sneinton",MRC,No,No,No,No,Yes,Yes,No,No,No,No,No,Yes,No,Nottingham,https://www.nottinghamcity.gov.uk/information-for-residents/bin-and-rubbish-collections/your-local-recycling-sites/,458514.9700339735,339956.4800164625,-1.130468773059593,52.953823031690661,Nottingham City Council,http://data.ordnancesurvey.co.uk/doc/7000000000038857,20221002
Clifton Leisure Centre,"Southchurch Drive, Clifton",Igloo,Yes,Yes,Yes,No,Yes,No,No,No,No,Yes,No,No,Yes,Nottingham,https://www.nottinghamcity.gov.uk/information-for-residents/bin-and-rubbish-collections/your-local-recycling-sites/,455616.0599962827,334515.2299580164,-1.174542760510977,52.905222587620010,Nottingham City Council,http://data.ordnancesurvey.co.uk/doc/7000000000038857,20221002
Gladston Liberal Club,Manning Street,MRC,No,No,No,Yes,No,No,No,No,No,No,No,No,No,Nottingham,https://www.nottinghamcity.gov.uk/information-for-residents/bin-and-rubbish-collections/your-local-recycling-sites/,457654.5599931069,341295.8599800784,-1.143036534781024,52.965954546571929,Nottingham City Council,http://data.ordnancesurvey.co.uk/doc/7000000000038857,20221002
Glapton Primary School,"Glapton Lane, Clifton",MRC,No,No,No,No,No,No,No,No,No,No,No,Yes,No,Nottingham,https://www.nottinghamcity.gov.uk/information-for-residents/bin-and-rubbish-collections/your-local-recycling-sites/,454947.8799645463,334668.3999652918,-1.184450197033794,52.906667844521316,Nottingham City Council,http://data.ordnancesurvey.co.uk/doc/7000000000038857,20221002
Nightingale Hall University Of Nottingham,"Beeston Lane, Dunkirk",Igloo,Yes,Yes,Yes,No,No,No,No,No,No,No,No,No,No,Nottingham,https://www.nottinghamcity.gov.uk/information-for-residents/bin-and-rubbish-collections/your-local-recycling-sites/,453392.4599906681,338108.9800287113,-1.207009499730741,52.937750144123044,Nottingham City Council,http://data.ordnancesurvey.co.uk/doc/7000000000038857,20221002
City Hospital (Yellow Car Park),"Edwards Lane, Basford",Igloo,Yes,Yes,Yes,No,No,No,No,No,No,No,No,Yes,No,Nottingham,https://www.nottinghamcity.gov.uk/information-for-residents/bin-and-rubbish-collections/your-local-recycling-sites/,457002.8199621504,343946.4800059758,-1.152272248780615,52.989847917838254,Nottingham City Council,http://data.ordnancesurvey.co.uk/doc/7000000000038857,20221002
Greenwood Dale Comprehensive School,"Sneinton Boulevard, Sneinton",MRC,No,No,No,No,No,No,No,No,No,No,No,Yes,No,Nottingham,https://www.nottinghamcity.gov.uk/information-for-residents/bin-and-rubbish-collections/your-local-recycling-sites/,459277.2999701826,339781.9900081735,-1.119154833425103,52.952171163218857,Nottingham City Council,http://data.ordnancesurvey.co.uk/doc/7000000000038857,20221002
Jesse Boot School,"Hereford Road, Bakersfield",MRC,No,No,No,No,Yes,No,No,No,No,No,No,Yes,No,Nottingham,https://www.nottinghamcity.gov.uk/information-for-residents/bin-and-rubbish-collections/your-local-recycling-sites/,459848.2199972998,340389.4300370254,-1.110546288321541,52.957567675783352,Nottingham City Council,http://data.ordnancesurvey.co.uk/doc/7000000000038857,20221002
Robin Hood Junior School,"Beckhampton Road, Bestwood Park",Industrial,No,No,No,No,Yes,No,No,No,No,No,No,Yes,No,Nottingham,https://www.nottinghamcity.gov.uk/information-for-residents/bin-and-rubbish-collections/your-local-recycling-sites/,456371.1100321459,345023.2699571215,-1.161494228353250,52.999592904763489,Nottingham City Council,http://data.ordnancesurvey.co.uk/doc/7000000000038857,20221002
Maypole Pub Car Park,"Wilford Lane, Wilford",Igloo,Yes,Yes,Yes,No,Yes,No,No,No,No,No,No,Yes,No,Nottingham,https://www.nottinghamcity.gov.uk/information-for-residents/bin-and-rubbish-collections/your-local-recycling-sites/,456701.4900478385,336730.0799632166,-1.158021199993654,52.925017399515170,Nottingham City Council,http://data.ordnancesurvey.co.uk/doc/7000000000038857,20221002
Junction Huntington Street/glasshouse Steet,Glasshouse Street,Node,No,No,No,Yes,Yes,No,No,Yes,No,No,No,Yes,No,Nottingham,https://www.nottinghamcity.gov.uk/information-for-residents/bin-and-rubbish-collections/your-local-recycling-sites/,457467.4799842210,340390.8300370928,-1.145981833165439,52.957840035464457,Nottingham City Council,http://data.ordnancesurvey.co.uk/doc/7000000000038857,20221002
Lindon Lodge City Hospital,"Edwards Lane, Basford",Igloo,Yes,Yes,Yes,No,No,No,No,No,No,No,No,No,No,Nottingham,https://www.nottinghamcity.gov.uk/information-for-residents/bin-and-rubbish-collections/your-local-recycling-sites/,456845.6099546831,344219.2400189321,-1.154566043572801,52.992316176231881,Nottingham City Council,http://data.ordnancesurvey.co.uk/doc/7000000000038857,20221002
Brinkhill Primary School,"Greencroft, Clifton",MRC,No,No,No,No,Yes,No,No,No,No,No,No,Yes,No,Nottingham,https://www.nottinghamcity.gov.uk/information-for-residents/bin-and-rubbish-collections/your-local-recycling-sites/,455613.9799961839,335186.9399899207,-1.174458987484343,52.911260356520167,Nottingham City Council,http://data.ordnancesurvey.co.uk/doc/7000000000038857,20221002
Gilead Street Car Park,"Gilead Street, Bulwell West",Igloo,Yes,Yes,Yes,No,No,Yes,No,No,No,No,No,Yes,No,Nottingham,https://www.nottinghamcity.gov.uk/information-for-residents/bin-and-rubbish-collections/your-local-recycling-sites/,453886.1400141167,345189.0499649961,-1.198489849441565,53.001338096440442,Nottingham City Council,http://data.ordnancesurvey.co.uk/doc/7000000000038857,20221002
Castle Retail Park,"Radford Boulevard, Radford",Igloo,Yes,Yes,Yes,No,Yes,Yes,No,No,No,No,No,Yes,No,Nottingham,https://www.nottinghamcity.gov.uk/information-for-residents/bin-and-rubbish-collections/your-local-recycling-sites/,455343.1699833218,340841.1599584818,-1.177523090178461,52.962110570114035,Nottingham City Council,http://data.ordnancesurvey.co.uk/doc/7000000000038857,20221002
Blessed Robert Winderpool R.c School,"Listowel Cresent, Clifton",MRC,No,No,No,No,No,No,No,No,No,No,No,Yes,No,Nottingham,https://www.nottinghamcity.gov.uk/information-for-residents/bin-and-rubbish-collections/your-local-recycling-sites/,455374.1599847935,333854.1100266147,-1.178251240809975,52.899305104979291,Nottingham City Council,http://data.ordnancesurvey.co.uk/doc/7000000000038857,20221002
Shepherd Special School,"Harvey Road, Bilborough",MRC,No,No,No,No,No,No,No,No,No,No,No,Yes,No,Nottingham,https://www.nottinghamcity.gov.uk/information-for-residents/bin-and-rubbish-collections/your-local-recycling-sites/,452893.7099669781,341502.9899899177,-1.213878727415004,52.968305761777465,Nottingham City Council,http://data.ordnancesurvey.co.uk/doc/7000000000038857,20221002
Kwiksave (Sneinton),"Meadow Lane, Sneinton",Igloo&MRC ,Yes,Yes,Yes,No,Yes,No,No,No,No,Yes,No,Yes,Yes,Nottingham,https://www.nottinghamcity.gov.uk/information-for-residents/bin-and-rubbish-collections/your-local-recycling-sites/,458720.5900437403,339471.3799934201,-1.127496141680257,52.949440409765657,Nottingham City Council,http://data.ordnancesurvey.co.uk/doc/7000000000038857,20221002
Elms Primary School,"Cranmer Street, St Anns",MRC,No,No,No,No,No,No,No,No,No,No,No,Yes,No,Nottingham,https://www.nottinghamcity.gov.uk/information-for-residents/bin-and-rubbish-collections/your-local-recycling-sites/,457324.1599774137,341272.1999789551,-1.147959445587850,52.965777226016158,Nottingham City Council,http://data.ordnancesurvey.co.uk/doc/7000000000038857,20221002
Pleasant Row,"Radford Road, Radford",MRC,No,No,No,Yes,Yes,No,No,No,No,No,No,Yes,No,Nottingham,https://www.nottinghamcity.gov.uk/information-for-residents/bin-and-rubbish-collections/your-local-recycling-sites/,455701.7300003525,341235.5199772138,-1.172118286245735,52.965618018199613,Nottingham City Council,http://data.ordnancesurvey.co.uk/doc/7000000000038857,20221002
Whitemoor Primary School,"Bracknell Crescent, Basford",MRC,No,No,No,No,No,No,No,No,No,No,No,Yes,No,Nottingham,https://www.nottinghamcity.gov.uk/information-for-residents/bin-and-rubbish-collections/your-local-recycling-sites/,454896.9199621258,342404.2200327236,-1.183901427527178,52.976205139479099,Nottingham City Council,http://data.ordnancesurvey.co.uk/doc/7000000000038857,20221002
Rosslyn Junior School,"Minver Crescent, Aspley",MRC,No,No,No,No,Yes,No,No,No,No,No,No,No,No,Nottingham,https://www.nottinghamcity.gov.uk/information-for-residents/bin-and-rubbish-collections/your-local-recycling-sites/,453704.7600055011,342467.1400357112,-1.201643877334236,52.976891215713280,Nottingham City Council,http://data.ordnancesurvey.co.uk/doc/7000000000038857,20221002
Car Park Behind Flats,Penn Avenue,Node,Yes,Yes,No,Yes,Yes,No,No,Yes,No,No,No,Yes,No,Nottingham,https://www.nottinghamcity.gov.uk/information-for-residents/bin-and-rubbish-collections/your-local-recycling-sites/,455319.6999822063,339082.5299749523,-1.178171792094280,52.946306418689559,Nottingham City Council,http://data.ordnancesurvey.co.uk/doc/7000000000038857,20221002
Morrisons Car Park,"Hucknall Lane, Bulwell East",Igloo,Yes,Yes,Yes,No,Yes,Yes,No,No,No,No,Yes,Yes,Yes,Nottingham,https://www.nottinghamcity.gov.uk/information-for-residents/bin-and-rubbish-collections/your-local-recycling-sites/,454459.1600413332,346103.7700084429,-1.189797989905890,53.009501931460107,Nottingham City Council,http://data.ordnancesurvey.co.uk/doc/7000000000038857,20221002
Aspley Wood School,"Robinswood Road, Aspley",MRC,No,No,No,No,No,No,No,No,No,No,No,Yes,No,Nottingham,https://www.nottinghamcity.gov.uk/information-for-residents/bin-and-rubbish-collections/your-local-recycling-sites/,453767.8400084972,341359.4499830995,-1.200887994793687,52.966928912388468,Nottingham City Council,http://data.ordnancesurvey.co.uk/doc/7000000000038857,20221002
Co-Op Trowell Road (Superstore),"Trowell Road, Wollaton",Igloo,Yes,Yes,Yes,No,Yes,Yes,No,No,No,Yes,No,Yes,No,Nottingham,https://www.nottinghamcity.gov.uk/information-for-residents/bin-and-rubbish-collections/your-local-recycling-sites/,451721.1700112857,340075.6500221230,-1.231562482164097,52.955590131627723,Nottingham City Council,http://data.ordnancesurvey.co.uk/doc/7000000000038857,20221002
Basford Hall Fe College,"Stockhill Lane, Basford",Igloo,Yes,Yes,Yes,No,Yes,No,No,No,No,No,No,No,No,Nottingham,https://www.nottinghamcity.gov.uk/information-for-residents/bin-and-rubbish-collections/your-local-recycling-sites/,454082.3700234368,343422.1199810710,-1.195861256129128,52.985436851796791,Nottingham City Council,http://data.ordnancesurvey.co.uk/doc/7000000000038857,20221002
Claremont Primary School,"Claremont Road, Sherwood",Igloo&MRC ,No,No,No,No,No,Yes,No,No,No,No,No,Yes,No,Nottingham,https://www.nottinghamcity.gov.uk/information-for-residents/bin-and-rubbish-collections/your-local-recycling-sites/,456722.9200488562,342147.6200205348,-1.156756696385552,52.973709300843922,Nottingham City Council,http://data.ordnancesurvey.co.uk/doc/7000000000038857,20221002
St. Teresa's R.c. Primary School,"Kingsbury Drive, Aspley",MRC,No,No,No,No,Yes,Yes,No,No,No,No,No,No,No,Nottingham,https://www.nottinghamcity.gov.uk/information-for-residents/bin-and-rubbish-collections/your-local-recycling-sites/,453154.9499793863,341852.1700065024,-1.209932195110700,52.971418493921696,Nottingham City Council,http://data.ordnancesurvey.co.uk/doc/7000000000038857,20221002
Derby Hall,"University Of Nottingham, Beeston Lane, Dunkirk",Igloo,Yes,Yes,Yes,No,No,No,No,No,No,No,No,No,No,Nottingham,https://www.nottinghamcity.gov.uk/information-for-residents/bin-and-rubbish-collections/your-local-recycling-sites/,453661.2700034352,338550.9600497037,-1.202937499779593,52.941696157734050,Nottingham City Council,http://data.ordnancesurvey.co.uk/doc/7000000000038857,20221002
Whitegate Primary School,"Middlefell Way, Clifton",MRC,No,No,No,No,No,Yes,No,No,No,No,No,Yes,No,Nottingham,https://www.nottinghamcity.gov.uk/information-for-residents/bin-and-rubbish-collections/your-local-recycling-sites/,454834.1599591449,334015.2700342704,-1.186250762011765,52.900808848149424,Nottingham City Council,http://data.ordnancesurvey.co.uk/doc/7000000000038857,20221002
Sandfield Teachers Centre,"Sandfield Road, Lenton",MRC,No,No,No,No,No,No,No,No,No,No,No,Yes,No,Nottingham,https://www.nottinghamcity.gov.uk/information-for-residents/bin-and-rubbish-collections/your-local-recycling-sites/,455568.4699940225,339823.4400101434,-1.174343568840288,52.952940093919324,Nottingham City Council,http://data.ordnancesurvey.co.uk/doc/7000000000038857,20221002
Gala Way Bingo Club,"Gala Way, Top Valley",Igloo,Yes,Yes,Yes,No,Yes,No,No,No,No,No,No,Yes,No,Nottingham,https://www.nottinghamcity.gov.uk/information-for-residents/bin-and-rubbish-collections/your-local-recycling-sites/,455297.6099811578,344830.1900479514,-1.177520757331548,52.997969079952000,Nottingham City Council,http://data.ordnancesurvey.co.uk/doc/7000000000038857,20221002
Pearmain Drive/woodlane Crescent,Pearmain Drive,Igloo,No,No,No,No,No,No,No,No,No,No,No,No,No,Nottingham,https://www.nottinghamcity.gov.uk/information-for-residents/bin-and-rubbish-collections/your-local-recycling-sites/,458845.2000496592,341498.8999897223,-1.125274465705068,52.967650445378744,Nottingham City Council,http://data.ordnancesurvey.co.uk/doc/7000000000038857,20221002
Sherwood Community Centre,"Mansfield Road, Sherwood",MRC,No,No,No,Yes,Yes,No,No,No,No,No,No,Yes,No,Nottingham,https://www.nottinghamcity.gov.uk/information-for-residents/bin-and-rubbish-collections/your-local-recycling-sites/,457647.4899927704,343539.9499866683,-1.142742474862843,52.986125282148116,Nottingham City Council,http://data.ordnancesurvey.co.uk/doc/7000000000038857,20221002
Greencroft Primary School,"Greencroft, Clifton",MRC,No,No,No,No,Yes,Yes,No,No,Yes,No,No,Yes,No,Nottingham,https://www.nottinghamcity.gov.uk/information-for-residents/bin-and-rubbish-collections/your-local-recycling-sites/,455676.9999991776,335160.0199886430,-1.173526596374217,52.911011885342262,Nottingham City Council,http://data.ordnancesurvey.co.uk/doc/7000000000038857,20221002
Fernwood Comprehensive School,"Goodwood Road, Wollaton",MRC,No,No,No,No,No,No,No,No,No,No,No,No,No,Nottingham,https://www.nottinghamcity.gov.uk/information-for-residents/bin-and-rubbish-collections/your-local-recycling-sites/,451822.0800160784,339856.4200117085,-1.230095400190144,52.953609921062650,Nottingham City Council,http://data.ordnancesurvey.co.uk/doc/7000000000038857,20221002
Huntingdon Primary School,"Alfred St Central, Woodborough Rd, St Anns",MRC,No,No,No,No,Yes,No,No,No,No,No,No,Yes,No,Nottingham,https://www.nottinghamcity.gov.uk/information-for-residents/bin-and-rubbish-collections/your-local-recycling-sites/,457503.9599859538,340740.9799537230,-1.145376862138232,52.960983350018608,Nottingham City Council,http://data.ordnancesurvey.co.uk/doc/7000000000038857,20221002
Sherwood Hall,"Nottingham University, Beeston Lane, Dunkirk",Igloo,Yes,Yes,Yes,No,No,Yes,No,No,No,No,No,No,No,Nottingham,https://www.nottinghamcity.gov.uk/information-for-residents/bin-and-rubbish-collections/your-local-recycling-sites/,453605.3600007799,338542.5900493059,-1.203770749603799,52.941626484017704,Nottingham City Council,http://data.ordnancesurvey.co.uk/doc/7000000000038857,20221002
City Hospital (Purple Car Park),"Edwards Lane, Basford",Igloo,Yes,Yes,Yes,No,No,No,No,No,No,No,No,No,No,Nottingham,https://www.nottinghamcity.gov.uk/information-for-residents/bin-and-rubbish-collections/your-local-recycling-sites/,456966.0799604058,344222.8800191041,-1.152770889495896,52.992336130580235,Nottingham City Council,http://data.ordnancesurvey.co.uk/doc/7000000000038857,20221002
Sneinton Market,"Bath Street, Sneinton",Node,No,No,No,Yes,Yes,No,No,Yes,No,No,No,Yes,No,Nottingham,https://www.nottinghamcity.gov.uk/information-for-residents/bin-and-rubbish-collections/your-local-recycling-sites/,458032.5300110588,340031.9100200441,-1.137635486041680,52.954553300696482,Nottingham City Council,http://data.ordnancesurvey.co.uk/doc/7000000000038857,20221002
Carrington Primary School,"Jenner Street, Carrington",MRC,No,No,No,No,Yes,Yes,No,No,No,No,No,Yes,No,Nottingham,https://www.nottinghamcity.gov.uk/information-for-residents/bin-and-rubbish-collections/your-local-recycling-sites/,456919.9799582157,342035.5500152130,-1.153842352896097,52.972681203735888,Nottingham City Council,http://data.ordnancesurvey.co.uk/doc/7000000000038857,20221002
Kwik Save Supermarket,Spring Road,Igloo,Yes,Yes,Yes,No,No,No,No,No,No,No,No,Yes,No,Nottingham,https://www.nottinghamcity.gov.uk/information-for-residents/bin-and-rubbish-collections/your-local-recycling-sites/,454236.0100307344,345396.2699748389,-1.193242086332484,53.003165394035804,Nottingham City Council,http://data.ordnancesurvey.co.uk/doc/7000000000038857,20221002
The Kings School,"Ford Cres West/collygate Rd, Meadows",MRC,No,No,No,No,Yes,Yes,No,No,No,No,No,No,No,Nottingham,https://www.nottinghamcity.gov.uk/information-for-residents/bin-and-rubbish-collections/your-local-recycling-sites/,457613.1399911391,338197.2400329020,-1.144202403148981,52.938107842250332,Nottingham City Council,http://data.ordnancesurvey.co.uk/doc/7000000000038857,20221002
Household Waste And Recycling Centre,"Redfield Road, Lenton",HWRC,Yes,Yes,Yes,Yes,Yes,Yes,Yes,Yes,Yes,No,No,Yes,No,Nottingham,https://www.nottinghamcity.gov.uk/information-for-residents/bin-and-rubbish-collections/your-local-recycling-sites/,455231.2599780057,337654.4600071218,-1.179731192511416,52.933479289783058,Nottingham City Council,http://data.ordnancesurvey.co.uk/doc/7000000000038857,20221002
Croft Nursery School,"Leen Place, St Peters Street, Radford",MRC,No,No,No,No,No,No,No,No,No,No,No,Yes,No,Nottingham,https://www.nottinghamcity.gov.uk/information-for-residents/bin-and-rubbish-collections/your-local-recycling-sites/,455097.6499716602,340404.8600377589,-1.181251583511212,52.958214371307967,Nottingham City Council,http://data.ordnancesurvey.co.uk/doc/7000000000038857,20221002
Morely Junior School,"The Wells Road, St Anns",MRC,No,No,No,No,Yes,No,No,No,No,No,No,Yes,No,Nottingham,https://www.nottinghamcity.gov.uk/information-for-residents/bin-and-rubbish-collections/your-local-recycling-sites/,458772.3800462000,341590.5699940771,-1.126341990811324,52.968482349283789,Nottingham City Council,http://data.ordnancesurvey.co.uk/doc/7000000000038857,20221002
Windmill Car Park,"Windmill Lane, Sneinton",Node,No,No,No,Yes,Yes,No,No,Yes,No,No,No,Yes,No,Nottingham,https://www.nottinghamcity.gov.uk/information-for-residents/bin-and-rubbish-collections/your-local-recycling-sites/,458475.4100320945,339743.4100063425,-1.131095872490534,52.951912208347785,Nottingham City Council,http://data.ordnancesurvey.co.uk/doc/7000000000038857,20221002
St Judes Church,Woodborough Road,MRC,No,No,No,Yes,Yes,No,No,No,No,No,No,Yes,No,Nottingham,https://www.nottinghamcity.gov.uk/information-for-residents/bin-and-rubbish-collections/your-local-recycling-sites/,458098.9900142159,342421.3200335354,-1.136218712996677,52.976022413884245,Nottingham City Council,http://data.ordnancesurvey.co.uk/doc/7000000000038857,20221002
Ken Martin's Baths,"Sandhurst Road, Bulwell East",MRC,No,No,No,No,No,No,No,No,No,No,No,No,No,Nottingham,https://www.nottinghamcity.gov.uk/information-for-residents/bin-and-rubbish-collections/your-local-recycling-sites/,454310.4900342720,346007.8900038879,-1.192029627581557,53.008655210847323,Nottingham City Council,http://data.ordnancesurvey.co.uk/doc/7000000000038857,20221002
St Edwards Rc Primary School,"Gordon Road, St Anns",MRC,No,No,No,No,Yes,Yes,No,No,No,No,No,Yes,No,Nottingham,https://www.nottinghamcity.gov.uk/information-for-residents/bin-and-rubbish-collections/your-local-recycling-sites/,458677.9100417132,341040.1799679343,-1.127847970630615,52.963545730561250,Nottingham City Council,http://data.ordnancesurvey.co.uk/doc/7000000000038857,20221002
Bridgway Centre (Shopping),"Sherriffs Way, Meadows",Igloo,Yes,Yes,Yes,No,Yes,Yes,No,No,No,No,No,No,No,Nottingham,https://www.nottinghamcity.gov.uk/information-for-residents/bin-and-rubbish-collections/your-local-recycling-sites/,457440.3299829308,338721.1299577858,-1.146680927412163,52.942835209954310,Nottingham City Council,http://data.ordnancesurvey.co.uk/doc/7000000000038857,20221002
Headstocks Public House,"Cinderhill Road, Ng6 8se",Igloo,Yes,Yes,Yes,No,No,No,No,No,No,No,No,Yes,No,Nottingham,https://www.nottinghamcity.gov.uk/information-for-residents/bin-and-rubbish-collections/your-local-recycling-sites/,453793.8900097348,343871.6900024246,-1.200083347515548,52.989506661406537,Nottingham City Council,http://data.ordnancesurvey.co.uk/doc/7000000000038857,20221002
Arkwright Primary School,"Orange Gardens, Wilford Grove, Meadows",MRC,No,No,No,No,Yes,No,No,No,No,No,No,Yes,No,Nottingham,https://www.nottinghamcity.gov.uk/information-for-residents/bin-and-rubbish-collections/your-local-recycling-sites/,457668.6599937761,338513.3500479162,-1.143320364934092,52.940943188007331,Nottingham City Council,http://data.ordnancesurvey.co.uk/doc/7000000000038857,20221002
Asda Car Park,"Radford Road, Radford",Igloo&MRC ,Yes,Yes,Yes,No,Yes,Yes,No,Yes,No,Yes,No,Yes,No,Nottingham,https://www.nottinghamcity.gov.uk/information-for-residents/bin-and-rubbish-collections/your-local-recycling-sites/,455782.9200042086,341455.0599876400,-1.170871887490263,52.967582827336393,Nottingham City Council,http://data.ordnancesurvey.co.uk/doc/7000000000038857,20221002
Queens Drive Park And Ride,"Queens Drive, Queens Drive",Igloo,Yes,Yes,Yes,No,No,Yes,No,No,No,No,No,Yes,No,Nottingham,https://www.nottinghamcity.gov.uk/information-for-residents/bin-and-rubbish-collections/your-local-recycling-sites/,456219.4400249422,337136.3699825145,-1.165120785777327,52.928719987117567,Nottingham City Council,http://data.ordnancesurvey.co.uk/doc/7000000000038857,20221002
Haydn Primary School,"Haydn Road, Sherwood",MRC,No,No,No,Yes,Yes,No,No,No,No,No,No,Yes,No,Nottingham,https://www.nottinghamcity.gov.uk/information-for-residents/bin-and-rubbish-collections/your-local-recycling-sites/,457113.0699673872,342856.4499542024,-1.150822529846212,52.980038996916889,Nottingham City Council,http://data.ordnancesurvey.co.uk/doc/7000000000038857,20221002
